
---- eras ------

ALTER TABLE Eras ADD MeanBuildingCost INTEGER DEFAULT 0;
UPDATE	Eras	SET	'MeanBuildingCost'	= 100		WHERE	Type = 'ERA_ANCIENT';
UPDATE	Eras	SET	'MeanBuildingCost'	= 200		WHERE	Type = 'ERA_CLASSICAL';
UPDATE	Eras	SET	'MeanBuildingCost'	= 300		WHERE	Type = 'ERA_MEDIEVAL';
UPDATE	Eras	SET	'MeanBuildingCost'	= 450		WHERE	Type = 'ERA_RENAISSANCE';
UPDATE	Eras	SET	'MeanBuildingCost'	= 750		WHERE	Type = 'ERA_MODERN';
UPDATE	Eras	SET	'MeanBuildingCost'	= 1100		WHERE	Type = 'ERA_POSTMODERN';
UPDATE	Eras	SET	'MeanBuildingCost'	= 1400		WHERE	Type = 'ERA_FUTURE';


---- science district ------
/* INSERT INTO Improvement_Yields
	(ImprovementType, YieldType, Yield)
VALUES
	('IMPROVEMENT_KUNA', 'YIELD_SCIENCE', 1),
	('IMPROVEMENT_KUNA', 'YIELD_FAITH', 2); */

/* INSERT INTO Policy_ImprovementYieldChanges
	(PolicyType, ImprovementType, YieldType, Yield)
VALUES
	('POLICY_MOBILIZATION', 'IMPROVEMENT_KUNA', 'YIELD_SCIENCE', 3); */
	
	
INSERT INTO Unit_Builds
	(UnitType, BuildType)
VALUES
	('UNIT_GREAT_SCIENTIST', 'BUILD_SCIENCE_DISTRICT');
	
INSERT INTO Builds
	(Type, Time, ImprovementType, PrereqTech, Description, Help, Recommendation, EntityEvent, HotKey, OrderPriority, IconIndex, IconAtlas)
VALUES
	('BUILD_SCIENCE_DISTRICT', 10, 'IMPROVEMENT_SCIENCE_DISTRICT', 'TECH_EDUCATION', 'TXT_KEY_BUILD_SCIENCE_DISTRICT', 'TXT_KEY_BUILD_SCIENCE_DISTRICT_HELP', 'TXT_KEY_BUILD_SCIENCE_DISTRICT_REC', 'ENTITY_EVENT_BUILD', 'KB_E', 1, 0, 'UNIT_ACTION_KUNA');

INSERT INTO Improvements
	(Type, Description, 
	Civilopedia, Help, 
	ArtDefineTag, CreatedByGreatPerson, RequiresFlatlands, PortraitIndex, PillageGold, 
	IconAtlas, NoTwoAdjacent)
VALUES
	('IMPROVEMENT_SCIENCE_DISTRICT', 'TXT_KEY_IMPROVEMENT_SCIENCE_DISTRICT',
	'TXT_KEY_CIV5_IMPROVEMENTS_SCIENCE_DISTRICT_TEXT', 'TXT_KEY_CIV5_IMPROVEMENTS_SCIENCE_DISTRICT_HELP',
	'ART_DEF_SCIENCE_DISTRICT', 1, 0, 0, 100, 
	'TERRAIN_IMPROVEMENT_KUNA', 1);

INSERT INTO ArtDefine_LandmarkTypes(Type, LandmarkType, FriendlyName)
SELECT 'ART_DEF_SCIENCE_DISTRICT', 'Improvement', 'Knowledge district';

INSERT INTO ArtDefine_Landmarks (Era, State, Scale, ImprovementType, LayoutHandler, ResourceType, Model, TerrainContour) VALUES
('Any', 'UnderConstruction', 1.0, 'ART_DEF_SCIENCE_DISTRICT', 'SNAPSHOT', 'ART_DEF_RESOURCE_ALL',       'hb_kuna.fxsxml', 1 ),
('Any', 'Constructed', 1.0, 'ART_DEF_SCIENCE_DISTRICT', 'SNAPSHOT', 'ART_DEF_RESOURCE_ALL',     'kuna.fxsxml', 1),
('Any', 'Pillaged', 1.0, 'ART_DEF_SCIENCE_DISTRICT', 'SNAPSHOT', 'ART_DEF_RESOURCE_ALL',        'pl_kuna.fxsxml', 1);


	
-- add into GP
INSERT INTO Improvement_AdjacentImprovementYieldChanges
	(ImprovementType, OtherImprovementType, YieldType, Yield)
VALUES
	('IMPROVEMENT_SCIENCE_DISTRICT', 'IMPROVEMENT_ACADEMY', 'YIELD_SCIENCE', 1),
	('IMPROVEMENT_SCIENCE_DISTRICT', 'IMPROVEMENT_CUSTOMS_HOUSE', 'YIELD_SCIENCE', 1),
	('IMPROVEMENT_SCIENCE_DISTRICT', 'IMPROVEMENT_CUSTOMS_HOUSE_VENICE', 'YIELD_SCIENCE', 1),
	('IMPROVEMENT_SCIENCE_DISTRICT', 'IMPROVEMENT_MANUFACTORY', 'YIELD_SCIENCE', 1),
	('IMPROVEMENT_SCIENCE_DISTRICT', 'IMPROVEMENT_LANDMARK', 'YIELD_SCIENCE', 1),
	('IMPROVEMENT_SCIENCE_DISTRICT', 'IMPROVEMENT_HOLY_SITE', 'YIELD_SCIENCE', 1),
	('IMPROVEMENT_SCIENCE_DISTRICT', 'IMPROVEMENT_CITADEL', 'YIELD_SCIENCE', 1);
	
-- add into Villages & forts
INSERT INTO Improvement_AdjacentImprovementYieldChanges
	(ImprovementType, OtherImprovementType, YieldType, Yield)
VALUES
	('IMPROVEMENT_SCIENCE_DISTRICT', 'IMPROVEMENT_TRADING_POST', 'YIELD_SCIENCE', 1),
	('IMPROVEMENT_SCIENCE_DISTRICT', 'IMPROVEMENT_FORT', 'YIELD_SCIENCE', 1);
	
-- add into Uniques
INSERT INTO Improvement_AdjacentImprovementYieldChanges
	(ImprovementType, OtherImprovementType, YieldType, Yield)
VALUES
	('IMPROVEMENT_SCIENCE_DISTRICT', 'IMPROVEMENT_BRAZILWOOD_CAMP', 'YIELD_SCIENCE', 1),
	('IMPROVEMENT_SCIENCE_DISTRICT', 'IMPROVEMENT_CHATEAU', 'YIELD_SCIENCE', 1),
	('IMPROVEMENT_SCIENCE_DISTRICT', 'IMPROVEMENT_EKI', 'YIELD_SCIENCE', 1),
	('IMPROVEMENT_SCIENCE_DISTRICT', 'IMPROVEMENT_ENCAMPMENT_SHOSHONE', 'YIELD_SCIENCE', 1),
	('IMPROVEMENT_SCIENCE_DISTRICT', 'IMPROVEMENT_FEITORIA', 'YIELD_SCIENCE', 1),
	('IMPROVEMENT_SCIENCE_DISTRICT', 'IMPROVEMENT_KUNA', 'YIELD_SCIENCE', 1),
	('IMPROVEMENT_SCIENCE_DISTRICT', 'IMPROVEMENT_KASBAH', 'YIELD_SCIENCE', 1),
	('IMPROVEMENT_SCIENCE_DISTRICT', 'IMPROVEMENT_MOAI', 'YIELD_SCIENCE', 1),
	('IMPROVEMENT_SCIENCE_DISTRICT', 'IMPROVEMENT_POLDER', 'YIELD_SCIENCE', 1),
	('IMPROVEMENT_SCIENCE_DISTRICT', 'IMPROVEMENT_TERRACE_FARM', 'YIELD_SCIENCE', 1);

	
------- gold district -------------------

INSERT INTO Unit_Builds
	(UnitType, BuildType)
VALUES
	('UNIT_GREAT_MERCHANT', 'BUILD_GOLD_DISTRICT');
	--TECH_HORSEBACK_RIDING => TRADE
INSERT INTO Builds
	(Type, Time, ImprovementType, PrereqTech, Description, Help, Recommendation, EntityEvent, HotKey, OrderPriority, IconIndex, IconAtlas)
VALUES
	('BUILD_GOLD_DISTRICT', 0, 'IMPROVEMENT_GOLD_DISTRICT', 'TECH_HORSEBACK_RIDING', 'TXT_KEY_BUILD_GOLD_DISTRICT', 'TXT_KEY_BUILD_GOLD_DISTRICT_HELP', 'TXT_KEY_BUILD_GOLD_DISTRICT_REC', 'ENTITY_EVENT_BUILD', 'KB_E', 1, 0, 'UNIT_ACTION_KUNA');

INSERT INTO Improvements
	(Type, Description, 
	Civilopedia, Help, 
	ArtDefineTag, CreatedByGreatPerson, RequiresFlatlands, PortraitIndex, PillageGold, 
	IconAtlas, NoTwoAdjacent)
VALUES
	('IMPROVEMENT_GOLD_DISTRICT', 'TXT_KEY_IMPROVEMENT_GOLD_DISTRICT',
	'TXT_KEY_CIV5_IMPROVEMENTS_GOLD_DISTRICT_TEXT', 'TXT_KEY_CIV5_IMPROVEMENTS_GOLD_DISTRICT_HELP',
	'ART_DEF_GOLD_DISTRICT', 1, 0, 0, 100, 
	'TERRAIN_IMPROVEMENT_KUNA', 1);

INSERT INTO ArtDefine_LandmarkTypes(Type, LandmarkType, FriendlyName)
SELECT 'ART_DEF_GOLD_DISTRICT', 'Improvement', 'Merchant district';

INSERT INTO ArtDefine_Landmarks (Era, State, Scale, ImprovementType, LayoutHandler, ResourceType, Model, TerrainContour) VALUES
('Any', 'UnderConstruction', 1.0, 'ART_DEF_GOLD_DISTRICT', 'SNAPSHOT', 'ART_DEF_RESOURCE_ALL',       'hb_kuna.fxsxml', 1 ),
('Any', 'Constructed', 1.0, 'ART_DEF_GOLD_DISTRICT', 'SNAPSHOT', 'ART_DEF_RESOURCE_ALL',     'kuna.fxsxml', 1),
('Any', 'Pillaged', 1.0, 'ART_DEF_GOLD_DISTRICT', 'SNAPSHOT', 'ART_DEF_RESOURCE_ALL',        'pl_kuna.fxsxml', 1);

-- add into Villages & forts
INSERT INTO Improvement_AdjacentImprovementYieldChanges
	(ImprovementType, OtherImprovementType, YieldType, Yield)
VALUES
	('IMPROVEMENT_GOLD_DISTRICT', 'IMPROVEMENT_TRADING_POST', 'YIELD_GOLD', 1),
	('IMPROVEMENT_GOLD_DISTRICT', 'IMPROVEMENT_FORT', 'YIELD_GOLD', 1);
	
-- add into Lux / strat / bonus
INSERT INTO Improvement_AdjacentImprovementYieldChanges
	(ImprovementType, OtherImprovementType, YieldType, Yield)
VALUES
	('IMPROVEMENT_GOLD_DISTRICT', 'IMPROVEMENT_MINE', 'YIELD_GOLD', 1),
	('IMPROVEMENT_GOLD_DISTRICT', 'IMPROVEMENT_QUARRY', 'YIELD_GOLD', 1),
	('IMPROVEMENT_GOLD_DISTRICT', 'IMPROVEMENT_PLANTATION', 'YIELD_GOLD', 1),
	('IMPROVEMENT_GOLD_DISTRICT', 'IMPROVEMENT_PASTURE', 'YIELD_GOLD', 1),
	('IMPROVEMENT_GOLD_DISTRICT', 'IMPROVEMENT_CAMP', 'YIELD_GOLD', 1),
	('IMPROVEMENT_GOLD_DISTRICT', 'IMPROVEMENT_FISHING_BOATS', 'YIELD_GOLD', 1),
	('IMPROVEMENT_GOLD_DISTRICT', 'IMPROVEMENT_OFFSHORE_PLATFORM', 'YIELD_GOLD', 1),
	('IMPROVEMENT_GOLD_DISTRICT', 'IMPROVEMENT_LUMBERMILL', 'YIELD_GOLD', 1);
	
	
------- production district -------------------

INSERT INTO Unit_Builds
	(UnitType, BuildType)
VALUES
	('UNIT_GREAT_ENGINEER', 'BUILD_PRODUCTION_DISTRICT');
	
INSERT INTO Builds
	(Type, Time, ImprovementType, PrereqTech, Description, Help, Recommendation, EntityEvent, HotKey, OrderPriority, IconIndex, IconAtlas)
VALUES
	('BUILD_PRODUCTION_DISTRICT', 0, 'IMPROVEMENT_PRODUCTION_DISTRICT', 'TECH_CONSTRUCTION', 'TXT_KEY_BUILD_PRODUCTION_DISTRICT', 'TXT_KEY_BUILD_PRODUCTION_DISTRICT_HELP', 'TXT_KEY_BUILD_PRODUCTION_DISTRICT_REC', 'ENTITY_EVENT_BUILD', 'KB_E', 1, 0, 'UNIT_ACTION_KUNA');

INSERT INTO Improvements
	(Type, Description, 
	Civilopedia, Help, 
	ArtDefineTag, CreatedByGreatPerson, RequiresFlatlands, PortraitIndex, PillageGold, 
	IconAtlas, NoTwoAdjacent)
VALUES
	('IMPROVEMENT_PRODUCTION_DISTRICT', 'TXT_KEY_IMPROVEMENT_PRODUCTION_DISTRICT',
	'TXT_KEY_CIV5_IMPROVEMENTS_PRODUCTION_DISTRICT_TEXT', 'TXT_KEY_CIV5_IMPROVEMENTS_PRODUCTION_DISTRICT_HELP',
	'ART_DEF_PRODUCTION_DISTRICT', 1, 0, 0, 100, 
	'TERRAIN_IMPROVEMENT_KUNA', 1);

INSERT INTO ArtDefine_LandmarkTypes(Type, LandmarkType, FriendlyName)
SELECT 'ART_DEF_PRODUCTION_DISTRICT', 'Improvement', 'Merchant district';

INSERT INTO ArtDefine_Landmarks (Era, State, Scale, ImprovementType, LayoutHandler, ResourceType, Model, TerrainContour) VALUES
('Any', 'UnderConstruction', 1.0, 'ART_DEF_PRODUCTION_DISTRICT', 'SNAPSHOT', 'ART_DEF_RESOURCE_ALL',       'hb_kuna.fxsxml', 1 ),
('Any', 'Constructed', 1.0, 'ART_DEF_PRODUCTION_DISTRICT', 'SNAPSHOT', 'ART_DEF_RESOURCE_ALL',     'kuna.fxsxml', 1),
('Any', 'Pillaged', 1.0, 'ART_DEF_PRODUCTION_DISTRICT', 'SNAPSHOT', 'ART_DEF_RESOURCE_ALL',        'pl_kuna.fxsxml', 1);

-- add into Mines & lumbermill
INSERT INTO Improvement_AdjacentImprovementYieldChanges
	(ImprovementType, OtherImprovementType, YieldType, Yield)
VALUES
	('IMPROVEMENT_PRODUCTION_DISTRICT', 'IMPROVEMENT_MINE', 'YIELD_PRODUCTION', 1),
	('IMPROVEMENT_PRODUCTION_DISTRICT', 'IMPROVEMENT_LUMBERMILL', 'YIELD_PRODUCTION', 1);
	
-- add into Uniques
INSERT INTO Improvement_AdjacentImprovementYieldChanges
	(ImprovementType, OtherImprovementType, YieldType, Yield)
VALUES
	('IMPROVEMENT_PRODUCTION_DISTRICT', 'IMPROVEMENT_BRAZILWOOD_CAMP', 'YIELD_PRODUCTION', 1),
	('IMPROVEMENT_PRODUCTION_DISTRICT', 'IMPROVEMENT_CHATEAU', 'YIELD_PRODUCTION', 1),
	('IMPROVEMENT_PRODUCTION_DISTRICT', 'IMPROVEMENT_EKI', 'YIELD_PRODUCTION', 1),
	('IMPROVEMENT_PRODUCTION_DISTRICT', 'IMPROVEMENT_ENCAMPMENT_SHOSHONE', 'YIELD_PRODUCTION', 1),
	('IMPROVEMENT_PRODUCTION_DISTRICT', 'IMPROVEMENT_FEITORIA', 'YIELD_PRODUCTION', 1),
	('IMPROVEMENT_PRODUCTION_DISTRICT', 'IMPROVEMENT_KUNA', 'YIELD_PRODUCTION', 1),
	('IMPROVEMENT_PRODUCTION_DISTRICT', 'IMPROVEMENT_KASBAH', 'YIELD_PRODUCTION', 1),
	('IMPROVEMENT_PRODUCTION_DISTRICT', 'IMPROVEMENT_MOAI', 'YIELD_PRODUCTION', 1),
	('IMPROVEMENT_PRODUCTION_DISTRICT', 'IMPROVEMENT_POLDER', 'YIELD_PRODUCTION', 1),
	('IMPROVEMENT_PRODUCTION_DISTRICT', 'IMPROVEMENT_TERRACE_FARM', 'YIELD_PRODUCTION', 1);
	
------- culture district -------------------

INSERT INTO Unit_Builds
	(UnitType, BuildType)
VALUES
	('UNIT_GREAT_WRITER', 'BUILD_CULTURE_DISTRICT');
	
INSERT INTO Builds
	(Type, Time, ImprovementType, PrereqTech, Description, Help, Recommendation, EntityEvent, HotKey, OrderPriority, IconIndex, IconAtlas)
VALUES
	('BUILD_CULTURE_DISTRICT', 0, 'IMPROVEMENT_CULTURE_DISTRICT', 'TECH_PHILOSOPHY', 'TXT_KEY_BUILD_CULTURE_DISTRICT', 'TXT_KEY_BUILD_CULTURE_DISTRICT_HELP', 'TXT_KEY_BUILD_CULTURE_DISTRICT_REC', 'ENTITY_EVENT_BUILD', 'KB_E', 1, 0, 'UNIT_ACTION_KUNA');

INSERT INTO Improvements
	(Type, Description, 
	Civilopedia, Help, 
	ArtDefineTag, CreatedByGreatPerson, RequiresFlatlands, PortraitIndex, PillageGold, 
	IconAtlas, NoTwoAdjacent)
VALUES
	('IMPROVEMENT_CULTURE_DISTRICT', 'TXT_KEY_IMPROVEMENT_CULTURE_DISTRICT',
	'TXT_KEY_CIV5_IMPROVEMENTS_CULTURE_DISTRICT_TEXT', 'TXT_KEY_CIV5_IMPROVEMENTS_CULTURE_DISTRICT_HELP',
	'ART_DEF_CULTURE_DISTRICT', 1, 0, 0, 100, 
	'TERRAIN_IMPROVEMENT_KUNA', 1);

INSERT INTO ArtDefine_LandmarkTypes(Type, LandmarkType, FriendlyName)
SELECT 'ART_DEF_CULTURE_DISTRICT', 'Improvement', 'Merchant district';

INSERT INTO ArtDefine_Landmarks (Era, State, Scale, ImprovementType, LayoutHandler, ResourceType, Model, TerrainContour) VALUES
('Any', 'UnderConstruction', 1.0, 'ART_DEF_CULTURE_DISTRICT', 'SNAPSHOT', 'ART_DEF_RESOURCE_ALL',       'hb_kuna.fxsxml', 1 ),
('Any', 'Constructed', 1.0, 'ART_DEF_CULTURE_DISTRICT', 'SNAPSHOT', 'ART_DEF_RESOURCE_ALL',     'kuna.fxsxml', 1),
('Any', 'Pillaged', 1.0, 'ART_DEF_CULTURE_DISTRICT', 'SNAPSHOT', 'ART_DEF_RESOURCE_ALL',        'pl_kuna.fxsxml', 1);

-- add into Villages & forts
INSERT INTO Improvement_AdjacentImprovementYieldChanges
	(ImprovementType, OtherImprovementType, YieldType, Yield)
VALUES
	('IMPROVEMENT_CULTURE_DISTRICT', 'IMPROVEMENT_TRADING_POST', 'YIELD_CULTURE', 1),
	('IMPROVEMENT_CULTURE_DISTRICT', 'IMPROVEMENT_FORT', 'YIELD_CULTURE', 1);
	
-- add into Uniques
INSERT INTO Improvement_AdjacentImprovementYieldChanges
	(ImprovementType, OtherImprovementType, YieldType, Yield)
VALUES
	('IMPROVEMENT_CULTURE_DISTRICT', 'IMPROVEMENT_BRAZILWOOD_CAMP', 'YIELD_CULTURE', 1),
	('IMPROVEMENT_CULTURE_DISTRICT', 'IMPROVEMENT_CHATEAU', 'YIELD_CULTURE', 1),
	('IMPROVEMENT_CULTURE_DISTRICT', 'IMPROVEMENT_EKI', 'YIELD_CULTURE', 1),
	('IMPROVEMENT_CULTURE_DISTRICT', 'IMPROVEMENT_ENCAMPMENT_SHOSHONE', 'YIELD_CULTURE', 1),
	('IMPROVEMENT_CULTURE_DISTRICT', 'IMPROVEMENT_FEITORIA', 'YIELD_CULTURE', 1),
	('IMPROVEMENT_CULTURE_DISTRICT', 'IMPROVEMENT_KUNA', 'YIELD_CULTURE', 1),
	('IMPROVEMENT_CULTURE_DISTRICT', 'IMPROVEMENT_KASBAH', 'YIELD_CULTURE', 1),
	('IMPROVEMENT_CULTURE_DISTRICT', 'IMPROVEMENT_MOAI', 'YIELD_CULTURE', 1),
	('IMPROVEMENT_CULTURE_DISTRICT', 'IMPROVEMENT_POLDER', 'YIELD_CULTURE', 1),
	('IMPROVEMENT_CULTURE_DISTRICT', 'IMPROVEMENT_TERRACE_FARM', 'YIELD_CULTURE', 1);
	
	
------- happiness district -------------------

INSERT INTO Unit_Builds
	(UnitType, BuildType)
VALUES
	('UNIT_GREAT_ARTIST', 'BUILD_HAPPINESS_DISTRICT');
	
INSERT INTO Builds
	(Type, Time, ImprovementType, PrereqTech, Description, Help, Recommendation, EntityEvent, HotKey, OrderPriority, IconIndex, IconAtlas)
VALUES
	('BUILD_HAPPINESS_DISTRICT', 0, 'IMPROVEMENT_HAPPINESS_DISTRICT', 'TECH_ECONOMICS', 'TXT_KEY_BUILD_HAPPINESS_DISTRICT', 'TXT_KEY_BUILD_HAPPINESS_DISTRICT_HELP', 'TXT_KEY_BUILD_HAPPINESS_DISTRICT_REC', 'ENTITY_EVENT_BUILD', 'KB_E', 1, 0, 'UNIT_ACTION_KUNA');

INSERT INTO Improvements
	(Type, Description, 
	Civilopedia, Help, 
	ArtDefineTag, CreatedByGreatPerson, RequiresFlatlands, PortraitIndex, PillageGold, 
	IconAtlas, NoTwoAdjacent)
VALUES
	('IMPROVEMENT_HAPPINESS_DISTRICT', 'TXT_KEY_IMPROVEMENT_HAPPINESS_DISTRICT',
	'TXT_KEY_CIV5_IMPROVEMENTS_HAPPINESS_DISTRICT_TEXT', 'TXT_KEY_CIV5_IMPROVEMENTS_HAPPINESS_DISTRICT_HELP',
	'ART_DEF_HAPPINESS_DISTRICT', 1, 0, 0, 100, 
	'TERRAIN_IMPROVEMENT_KUNA', 1);

INSERT INTO ArtDefine_LandmarkTypes(Type, LandmarkType, FriendlyName)
SELECT 'ART_DEF_HAPPINESS_DISTRICT', 'Improvement', 'Merchant district';

INSERT INTO ArtDefine_Landmarks (Era, State, Scale, ImprovementType, LayoutHandler, ResourceType, Model, TerrainContour) VALUES
('Any', 'UnderConstruction', 1.0, 'ART_DEF_HAPPINESS_DISTRICT', 'SNAPSHOT', 'ART_DEF_RESOURCE_ALL',       'hb_kuna.fxsxml', 1 ),
('Any', 'Constructed', 1.0, 'ART_DEF_HAPPINESS_DISTRICT', 'SNAPSHOT', 'ART_DEF_RESOURCE_ALL',     'kuna.fxsxml', 1),
('Any', 'Pillaged', 1.0, 'ART_DEF_HAPPINESS_DISTRICT', 'SNAPSHOT', 'ART_DEF_RESOURCE_ALL',        'pl_kuna.fxsxml', 1);

-- add into Villages & forts
INSERT INTO Improvement_AdjacentImprovementYieldChanges
	(ImprovementType, OtherImprovementType, YieldType, Yield)
VALUES
	('IMPROVEMENT_HAPPINESS_DISTRICT', 'IMPROVEMENT_TRADING_POST', 'YIELD_FOOD', 1),
	('IMPROVEMENT_HAPPINESS_DISTRICT', 'IMPROVEMENT_FORT', 'YIELD_FOOD', 1);
	
-- add into Uniques
INSERT INTO Improvement_AdjacentImprovementYieldChanges
	(ImprovementType, OtherImprovementType, YieldType, Yield)
VALUES
	('IMPROVEMENT_HAPPINESS_DISTRICT', 'IMPROVEMENT_BRAZILWOOD_CAMP', 'YIELD_GOLD', 1),
	('IMPROVEMENT_HAPPINESS_DISTRICT', 'IMPROVEMENT_CHATEAU', 'YIELD_GOLD', 1),
	('IMPROVEMENT_HAPPINESS_DISTRICT', 'IMPROVEMENT_EKI', 'YIELD_GOLD', 1),
	('IMPROVEMENT_HAPPINESS_DISTRICT', 'IMPROVEMENT_ENCAMPMENT_SHOSHONE', 'YIELD_GOLD', 1),
	('IMPROVEMENT_HAPPINESS_DISTRICT', 'IMPROVEMENT_FEITORIA', 'YIELD_GOLD', 1),
	('IMPROVEMENT_HAPPINESS_DISTRICT', 'IMPROVEMENT_KUNA', 'YIELD_GOLD', 1),
	('IMPROVEMENT_HAPPINESS_DISTRICT', 'IMPROVEMENT_KASBAH', 'YIELD_GOLD', 1),
	('IMPROVEMENT_HAPPINESS_DISTRICT', 'IMPROVEMENT_MOAI', 'YIELD_GOLD', 1),
	('IMPROVEMENT_HAPPINESS_DISTRICT', 'IMPROVEMENT_POLDER', 'YIELD_GOLD', 1),
	('IMPROVEMENT_HAPPINESS_DISTRICT', 'IMPROVEMENT_TERRACE_FARM', 'YIELD_GOLD', 1);
	
-- add into GP
INSERT INTO Improvement_AdjacentImprovementYieldChanges
	(ImprovementType, OtherImprovementType, YieldType, Yield)
VALUES
	('IMPROVEMENT_HAPPINESS_DISTRICT', 'IMPROVEMENT_ACADEMY', 'YIELD_FOOD', 1),
	('IMPROVEMENT_HAPPINESS_DISTRICT', 'IMPROVEMENT_CUSTOMS_HOUSE', 'YIELD_FOOD', 1),
	('IMPROVEMENT_HAPPINESS_DISTRICT', 'IMPROVEMENT_CUSTOMS_HOUSE_VENICE', 'YIELD_FOOD', 1),
	('IMPROVEMENT_HAPPINESS_DISTRICT', 'IMPROVEMENT_MANUFACTORY', 'YIELD_FOOD', 1),
	('IMPROVEMENT_HAPPINESS_DISTRICT', 'IMPROVEMENT_LANDMARK', 'YIELD_FOOD', 1),
	('IMPROVEMENT_HAPPINESS_DISTRICT', 'IMPROVEMENT_HOLY_SITE', 'YIELD_FOOD', 1),
	('IMPROVEMENT_HAPPINESS_DISTRICT', 'IMPROVEMENT_CITADEL', 'YIELD_FOOD', 1);
	
	
------- tourism district -------------------

INSERT INTO Unit_Builds
	(UnitType, BuildType)
VALUES
	('UNIT_GREAT_MUSICIAN', 'BUILD_TOURISM_DISTRICT');
	
INSERT INTO Builds
	(Type, Time, ImprovementType, PrereqTech, Description, Help, Recommendation, EntityEvent, HotKey, OrderPriority, IconIndex, IconAtlas)
VALUES
	('BUILD_TOURISM_DISTRICT', 0, 'IMPROVEMENT_TOURISM_DISTRICT', 'TECH_ARCHITECTURE', 'TXT_KEY_BUILD_TOURISM_DISTRICT', 'TXT_KEY_BUILD_TOURISM_DISTRICT_HELP', 'TXT_KEY_BUILD_TOURISM_DISTRICT_REC', 'ENTITY_EVENT_BUILD', 'KB_E', 1, 0, 'UNIT_ACTION_KUNA');

INSERT INTO Improvements
	(Type, Description, 
	Civilopedia, Help, 
	ArtDefineTag, CreatedByGreatPerson, RequiresFlatlands, PortraitIndex, PillageGold, 
	IconAtlas, NoTwoAdjacent)
VALUES
	('IMPROVEMENT_TOURISM_DISTRICT', 'TXT_KEY_IMPROVEMENT_TOURISM_DISTRICT',
	'TXT_KEY_CIV5_IMPROVEMENTS_TOURISM_DISTRICT_TEXT', 'TXT_KEY_CIV5_IMPROVEMENTS_TOURISM_DISTRICT_HELP',
	'ART_DEF_TOURISM_DISTRICT', 1, 0, 0, 100, 
	'TERRAIN_IMPROVEMENT_KUNA', 1);

INSERT INTO ArtDefine_LandmarkTypes(Type, LandmarkType, FriendlyName)
SELECT 'ART_DEF_TOURISM_DISTRICT', 'Improvement', 'Merchant district';

INSERT INTO ArtDefine_Landmarks (Era, State, Scale, ImprovementType, LayoutHandler, ResourceType, Model, TerrainContour) VALUES
('Any', 'UnderConstruction', 1.0, 'ART_DEF_TOURISM_DISTRICT', 'SNAPSHOT', 'ART_DEF_RESOURCE_ALL',       'hb_kuna.fxsxml', 1 ),
('Any', 'Constructed', 1.0, 'ART_DEF_TOURISM_DISTRICT', 'SNAPSHOT', 'ART_DEF_RESOURCE_ALL',     'kuna.fxsxml', 1),
('Any', 'Pillaged', 1.0, 'ART_DEF_TOURISM_DISTRICT', 'SNAPSHOT', 'ART_DEF_RESOURCE_ALL',        'pl_kuna.fxsxml', 1);
	
-- add into Lux / strat / bonus
INSERT INTO Improvement_AdjacentImprovementYieldChanges
	(ImprovementType, OtherImprovementType, YieldType, Yield)
VALUES
	--('IMPROVEMENT_TOURISM_DISTRICT', 'IMPROVEMENT_MINE', 'YIELD_TOURISM', 1),
	--('IMPROVEMENT_TOURISM_DISTRICT', 'IMPROVEMENT_QUARRY', 'YIELD_TOURISM', 1),
	('IMPROVEMENT_TOURISM_DISTRICT', 'IMPROVEMENT_PLANTATION', 'YIELD_TOURISM', 1),
	--('IMPROVEMENT_TOURISM_DISTRICT', 'IMPROVEMENT_PASTURE', 'YIELD_TOURISM', 1),
	('IMPROVEMENT_TOURISM_DISTRICT', 'IMPROVEMENT_CAMP', 'YIELD_TOURISM', 1),
	('IMPROVEMENT_TOURISM_DISTRICT', 'IMPROVEMENT_FISHING_BOATS', 'YIELD_TOURISM', 1);
	--('IMPROVEMENT_TOURISM_DISTRICT', 'IMPROVEMENT_OFFSHORE_PLATFORM', 'YIELD_TOURISM', 1);
	
-- add into Forts
INSERT INTO Improvement_AdjacentImprovementYieldChanges
	(ImprovementType, OtherImprovementType, YieldType, Yield)
VALUES
	('IMPROVEMENT_TOURISM_DISTRICT', 'IMPROVEMENT_FORT', 'YIELD_TOURISM', 1);
	
-- add into GP
INSERT INTO Improvement_AdjacentImprovementYieldChanges
	(ImprovementType, OtherImprovementType, YieldType, Yield)
VALUES
	('IMPROVEMENT_TOURISM_DISTRICT', 'IMPROVEMENT_ACADEMY', 'YIELD_TOURISM', 1),
	('IMPROVEMENT_TOURISM_DISTRICT', 'IMPROVEMENT_CUSTOMS_HOUSE', 'YIELD_TOURISM', 1),
	('IMPROVEMENT_TOURISM_DISTRICT', 'IMPROVEMENT_CUSTOMS_HOUSE_VENICE', 'YIELD_TOURISM', 1),
	('IMPROVEMENT_TOURISM_DISTRICT', 'IMPROVEMENT_MANUFACTORY', 'YIELD_TOURISM', 1),
	('IMPROVEMENT_TOURISM_DISTRICT', 'IMPROVEMENT_LANDMARK', 'YIELD_TOURISM', 1),
	('IMPROVEMENT_TOURISM_DISTRICT', 'IMPROVEMENT_HOLY_SITE', 'YIELD_TOURISM', 1),
	('IMPROVEMENT_TOURISM_DISTRICT', 'IMPROVEMENT_CITADEL', 'YIELD_TOURISM', 1);
	
------- faith district -------------------

INSERT INTO Unit_Builds
	(UnitType, BuildType)
VALUES
	('UNIT_GREAT_PROPHET', 'BUILD_FAITH_DISTRICT');
	
INSERT INTO Builds
	(Type, Time, ImprovementType, PrereqTech, Description, Help, Recommendation, EntityEvent, HotKey, OrderPriority, IconIndex, IconAtlas)
VALUES
	('BUILD_FAITH_DISTRICT', 0, 'IMPROVEMENT_FAITH_DISTRICT', 'TECH_THEOLOGY', 'TXT_KEY_BUILD_FAITH_DISTRICT', 'TXT_KEY_BUILD_FAITH_DISTRICT_HELP', 'TXT_KEY_BUILD_FAITH_DISTRICT_REC', 'ENTITY_EVENT_BUILD', 'KB_E', 1, 0, 'UNIT_ACTION_KUNA');

INSERT INTO Improvements
	(Type, Description, 
	Civilopedia, Help, 
	ArtDefineTag, CreatedByGreatPerson, RequiresFlatlands, PortraitIndex, PillageGold, 
	IconAtlas, NoTwoAdjacent)
VALUES
	('IMPROVEMENT_FAITH_DISTRICT', 'TXT_KEY_IMPROVEMENT_FAITH_DISTRICT',
	'TXT_KEY_CIV5_IMPROVEMENTS_FAITH_DISTRICT_TEXT', 'TXT_KEY_CIV5_IMPROVEMENTS_FAITH_DISTRICT_HELP',
	'ART_DEF_FAITH_DISTRICT', 1, 0, 0, 100, 
	'TERRAIN_IMPROVEMENT_KUNA', 1);

INSERT INTO ArtDefine_LandmarkTypes(Type, LandmarkType, FriendlyName)
SELECT 'ART_DEF_FAITH_DISTRICT', 'Improvement', 'Merchant district';

INSERT INTO ArtDefine_Landmarks (Era, State, Scale, ImprovementType, LayoutHandler, ResourceType, Model, TerrainContour) VALUES
('Any', 'UnderConstruction', 1.0, 'ART_DEF_FAITH_DISTRICT', 'SNAPSHOT', 'ART_DEF_RESOURCE_ALL',       'hb_kuna.fxsxml', 1 ),
('Any', 'Constructed', 1.0, 'ART_DEF_FAITH_DISTRICT', 'SNAPSHOT', 'ART_DEF_RESOURCE_ALL',     'kuna.fxsxml', 1),
('Any', 'Pillaged', 1.0, 'ART_DEF_FAITH_DISTRICT', 'SNAPSHOT', 'ART_DEF_RESOURCE_ALL',        'pl_kuna.fxsxml', 1);
	
-- add into Lux / strat / bonus 
INSERT INTO Improvement_AdjacentImprovementYieldChanges
	(ImprovementType, OtherImprovementType, YieldType, Yield)
VALUES
	('IMPROVEMENT_FAITH_DISTRICT', 'IMPROVEMENT_MINE', 'YIELD_FAITH', 1),
	('IMPROVEMENT_FAITH_DISTRICT', 'IMPROVEMENT_QUARRY', 'YIELD_FAITH', 1),
	('IMPROVEMENT_FAITH_DISTRICT', 'IMPROVEMENT_PLANTATION', 'YIELD_FAITH', 1),
	('IMPROVEMENT_FAITH_DISTRICT', 'IMPROVEMENT_PASTURE', 'YIELD_FAITH', 1),
	('IMPROVEMENT_FAITH_DISTRICT', 'IMPROVEMENT_CAMP', 'YIELD_FAITH', 1),
	('IMPROVEMENT_FAITH_DISTRICT', 'IMPROVEMENT_FISHING_BOATS', 'YIELD_FAITH', 1),
	('IMPROVEMENT_FAITH_DISTRICT', 'IMPROVEMENT_OFFSHORE_PLATFORM', 'YIELD_FAITH', 1);
-- add into farm & lumbermill
INSERT INTO Improvement_AdjacentImprovementYieldChanges
	(ImprovementType, OtherImprovementType, YieldType, Yield)
VALUES
	('IMPROVEMENT_FAITH_DISTRICT', 'IMPROVEMENT_LUMBERMILL', 'YIELD_FAITH', 1),
	('IMPROVEMENT_FAITH_DISTRICT', 'IMPROVEMENT_FARM', 'YIELD_FAITH', 2);
	
------- diplomacy district -------------------

INSERT INTO Unit_Builds
	(UnitType, BuildType)
VALUES
	('UNIT_GREAT_DIPLOMAT', 'BUILD_DIPLOMACY_DISTRICT');
	
INSERT INTO Builds
	(Type, Time, ImprovementType, PrereqTech, Description, Help, Recommendation, EntityEvent, HotKey, OrderPriority, IconIndex, IconAtlas)
VALUES
	('BUILD_DIPLOMACY_DISTRICT', 0, 'IMPROVEMENT_DIPLOMACY_DISTRICT', 'TECH_PRINTING_PRESS', 'TXT_KEY_BUILD_DIPLOMACY_DISTRICT', 'TXT_KEY_BUILD_DIPLOMACY_DISTRICT_HELP', 'TXT_KEY_BUILD_DIPLOMACY_DISTRICT_REC', 'ENTITY_EVENT_BUILD', 'KB_E', 1, 0, 'UNIT_ACTION_KUNA');

INSERT INTO Improvements
	(Type, Description, 
	Civilopedia, Help, 
	ArtDefineTag, CreatedByGreatPerson, RequiresFlatlands, PortraitIndex, PillageGold, 
	IconAtlas, NoTwoAdjacent)
VALUES
	('IMPROVEMENT_DIPLOMACY_DISTRICT', 'TXT_KEY_IMPROVEMENT_DIPLOMACY_DISTRICT',
	'TXT_KEY_CIV5_IMPROVEMENTS_DIPLOMACY_DISTRICT_TEXT', 'TXT_KEY_CIV5_IMPROVEMENTS_DIPLOMACY_DISTRICT_HELP',
	'ART_DEF_DIPLOMACY_DISTRICT', 1, 0, 0, 100, 
	'TERRAIN_IMPROVEMENT_KUNA', 1);

INSERT INTO ArtDefine_LandmarkTypes(Type, LandmarkType, FriendlyName)
SELECT 'ART_DEF_DIPLOMACY_DISTRICT', 'Improvement', 'Merchant district';

INSERT INTO ArtDefine_Landmarks (Era, State, Scale, ImprovementType, LayoutHandler, ResourceType, Model, TerrainContour) VALUES
('Any', 'UnderConstruction', 1.0, 'ART_DEF_DIPLOMACY_DISTRICT', 'SNAPSHOT', 'ART_DEF_RESOURCE_ALL',       'hb_kuna.fxsxml', 1 ),
('Any', 'Constructed', 1.0, 'ART_DEF_DIPLOMACY_DISTRICT', 'SNAPSHOT', 'ART_DEF_RESOURCE_ALL',     'kuna.fxsxml', 1),
('Any', 'Pillaged', 1.0, 'ART_DEF_DIPLOMACY_DISTRICT', 'SNAPSHOT', 'ART_DEF_RESOURCE_ALL',        'pl_kuna.fxsxml', 1);
	
-- add into Lux / strat / bonus
INSERT INTO Improvement_AdjacentImprovementYieldChanges
	(ImprovementType, OtherImprovementType, YieldType, Yield)
VALUES
	('IMPROVEMENT_DIPLOMACY_DISTRICT', 'IMPROVEMENT_MINE', 'YIELD_CULTURE', 1),
	('IMPROVEMENT_DIPLOMACY_DISTRICT', 'IMPROVEMENT_QUARRY', 'YIELD_CULTURE', 1),
	-- ('IMPROVEMENT_DIPLOMACY_DISTRICT', 'IMPROVEMENT_PLANTATION', 'YIELD_CULTURE', 1),
	('IMPROVEMENT_DIPLOMACY_DISTRICT', 'IMPROVEMENT_PASTURE', 'YIELD_CULTURE', 1),
	-- ('IMPROVEMENT_DIPLOMACY_DISTRICT', 'IMPROVEMENT_CAMP', 'YIELD_CULTURE', 1),
	-- ('IMPROVEMENT_DIPLOMACY_DISTRICT', 'IMPROVEMENT_FISHING_BOATS', 'YIELD_CULTURE', 1),
	('IMPROVEMENT_DIPLOMACY_DISTRICT', 'IMPROVEMENT_OFFSHORE_PLATFORM', 'YIELD_CULTURE', 1);
	
-- add into GP
INSERT INTO Improvement_AdjacentImprovementYieldChanges
	(ImprovementType, OtherImprovementType, YieldType, Yield)
VALUES
	('IMPROVEMENT_DIPLOMACY_DISTRICT', 'IMPROVEMENT_ACADEMY', 'YIELD_SCIENCE', 1),
	('IMPROVEMENT_DIPLOMACY_DISTRICT', 'IMPROVEMENT_CUSTOMS_HOUSE', 'YIELD_GOLD', 1),
	('IMPROVEMENT_DIPLOMACY_DISTRICT', 'IMPROVEMENT_CUSTOMS_HOUSE_VENICE', 'YIELD_GOLD', 1),
	('IMPROVEMENT_DIPLOMACY_DISTRICT', 'IMPROVEMENT_MANUFACTORY', 'YIELD_PRODUCTION', 1),
	('IMPROVEMENT_DIPLOMACY_DISTRICT', 'IMPROVEMENT_LANDMARK', 'YIELD_CULTURE', 1),
	('IMPROVEMENT_DIPLOMACY_DISTRICT', 'IMPROVEMENT_HOLY_SITE', 'YIELD_FAITH', 1),
	('IMPROVEMENT_DIPLOMACY_DISTRICT', 'IMPROVEMENT_CITADEL', 'YIELD_SCIENCE', 1);
	
-- add into lumbermill
INSERT INTO Improvement_AdjacentImprovementYieldChanges
	(ImprovementType, OtherImprovementType, YieldType, Yield)
VALUES
	('IMPROVEMENT_DIPLOMACY_DISTRICT', 'IMPROVEMENT_LUMBERMILL', 'YIELD_GOLD', 1);
	
	
------- War district -------------------

INSERT INTO Unit_Builds
	(UnitType, BuildType)
VALUES
	('UNIT_GREAT_GENERAL', 'BUILD_WAR_DISTRICT');
	
INSERT INTO Builds
	(Type, Time, ImprovementType, PrereqTech, Description, Help, Recommendation, EntityEvent, HotKey, OrderPriority, IconIndex, IconAtlas)
VALUES
	('BUILD_WAR_DISTRICT', 0, 'IMPROVEMENT_WAR_DISTRICT', 'TECH_IRON_WORKING', 'TXT_KEY_BUILD_WAR_DISTRICT', 'TXT_KEY_BUILD_WAR_DISTRICT_HELP', 'TXT_KEY_BUILD_WAR_DISTRICT_REC', 'ENTITY_EVENT_BUILD', 'KB_E', 1, 0, 'UNIT_ACTION_KUNA');

INSERT INTO Improvements
	(Type, Description, 
	Civilopedia, Help, 
	ArtDefineTag, CreatedByGreatPerson, RequiresFlatlands, PortraitIndex, PillageGold, 
	IconAtlas, NoTwoAdjacent)
VALUES
	('IMPROVEMENT_WAR_DISTRICT', 'TXT_KEY_IMPROVEMENT_WAR_DISTRICT',
	'TXT_KEY_CIV5_IMPROVEMENTS_WAR_DISTRICT_TEXT', 'TXT_KEY_CIV5_IMPROVEMENTS_WAR_DISTRICT_HELP',
	'ART_DEF_WAR_DISTRICT', 1, 0, 0, 100, 
	'TERRAIN_IMPROVEMENT_KUNA', 1);

INSERT INTO ArtDefine_LandmarkTypes(Type, LandmarkType, FriendlyName)
SELECT 'ART_DEF_WAR_DISTRICT', 'Improvement', 'Merchant district';

INSERT INTO ArtDefine_Landmarks (Era, State, Scale, ImprovementType, LayoutHandler, ResourceType, Model, TerrainContour) VALUES
('Any', 'UnderConstruction', 1.0, 'ART_DEF_WAR_DISTRICT', 'SNAPSHOT', 'ART_DEF_RESOURCE_ALL',       'hb_kuna.fxsxml', 1 ),
('Any', 'Constructed', 1.0, 'ART_DEF_WAR_DISTRICT', 'SNAPSHOT', 'ART_DEF_RESOURCE_ALL',     'kuna.fxsxml', 1),
('Any', 'Pillaged', 1.0, 'ART_DEF_WAR_DISTRICT', 'SNAPSHOT', 'ART_DEF_RESOURCE_ALL',        'pl_kuna.fxsxml', 1);
	
-- add into Lux / strat / bonus
INSERT INTO Improvement_AdjacentImprovementYieldChanges
	(ImprovementType, OtherImprovementType, YieldType, Yield)
VALUES
	('IMPROVEMENT_WAR_DISTRICT', 'IMPROVEMENT_MINE', 'YIELD_PRODUCTION', 1),
	('IMPROVEMENT_WAR_DISTRICT', 'IMPROVEMENT_QUARRY', 'YIELD_PRODUCTION', 1),
	('IMPROVEMENT_WAR_DISTRICT', 'IMPROVEMENT_PLANTATION', 'YIELD_GOLD', 1),
	('IMPROVEMENT_WAR_DISTRICT', 'IMPROVEMENT_PASTURE', 'YIELD_FOOD', 1),
	('IMPROVEMENT_WAR_DISTRICT', 'IMPROVEMENT_CAMP', 'YIELD_GOLD', 1),
	('IMPROVEMENT_WAR_DISTRICT', 'IMPROVEMENT_FISHING_BOATS', 'YIELD_FOOD', 1),
	('IMPROVEMENT_WAR_DISTRICT', 'IMPROVEMENT_OFFSHORE_PLATFORM', 'YIELD_PRODUCTION', 1);
	
	
-- add into Villages & forts
INSERT INTO Improvement_AdjacentImprovementYieldChanges
	(ImprovementType, OtherImprovementType, YieldType, Yield)
VALUES
	('IMPROVEMENT_WAR_DISTRICT', 'IMPROVEMENT_TRADING_POST', 'YIELD_GOLD', 1),
	('IMPROVEMENT_WAR_DISTRICT', 'IMPROVEMENT_FORT', 'YIELD_SCIENCE', 2);
	
/* INSERT INTO Improvement_ValidTerrains
	(ImprovementType, TerrainType)
VALUES
	('IMPROVEMENT_EKI', 'TERRAIN_GRASS'),
	('IMPROVEMENT_EKI', 'TERRAIN_PLAINS'); */

/* INSERT INTO Improvement_ValidFeatures
	(ImprovementType, FeatureType)
VALUES
	('IMPROVEMENT_KUNA', 'FEATURE_FOREST'),
	('IMPROVEMENT_KUNA', 'FEATURE_JUNGLE'); */




/* this is to create a new icons, i reuse the kuna one
<GameData>
	<IconTextureAtlases>
		<Row>
			<Atlas>UNIT_ACTION_KUNA</Atlas>
			<IconSize>64</IconSize>
			<Filename>KunaBuildIcon64.dds</Filename>
			<IconsPerRow>1</IconsPerRow>
			<IconsPerColumn>1</IconsPerColumn>
		</Row>
		<Row>
			<Atlas>UNIT_ACTION_KUNA</Atlas>
			<IconSize>45</IconSize>
			<Filename>KunaBuildIcon45.dds</Filename>
			<IconsPerRow>1</IconsPerRow>
			<IconsPerColumn>1</IconsPerColumn>
		</Row>
		<Row>
			<Atlas>TERRAIN_IMPROVEMENT_KUNA</Atlas>
			<IconSize>256</IconSize>
			<Filename>SV_Kuna.dds</Filename>
			<IconsPerRow>1</IconsPerRow>
			<IconsPerColumn>1</IconsPerColumn>
		</Row>
		<Row>
			<Atlas>TERRAIN_IMPROVEMENT_KUNA</Atlas>
			<IconSize>64</IconSize>
			<Filename>KunaAtlas64.dds</Filename>
			<IconsPerRow>1</IconsPerRow>
			<IconsPerColumn>1</IconsPerColumn>
		</Row>
	</IconTextureAtlases>
	<ArtDefine_StrategicView>
		<Row>
			<StrategicViewType>ART_DEF_IMPROVEMENT_KUNA</StrategicViewType>
			<TileType>Improvement</TileType>
			<Asset>SV_Kuna.dds</Asset>
		</Row>
	</ArtDefine_StrategicView>
</GameData> */























